{"train_loss": [5.18499423828125, 5.044005419311524, 4.841448470458984, 4.713604734344482, 4.584140032043457, 4.501861245040893, 4.3794954397583, 4.315598519439697, 4.233832163391114, 4.154675922241211, 4.092194865417481, 4.0490847463989255, 3.9663635649108886, 3.940274642791748, 3.907384761505127, 3.8756889086914064, 3.831667169342041, 3.804120753173828, 3.787598985443115, 3.764791951828003, 3.7313968341064454, 3.704546718597412, 3.6684031875610352, 3.6272365425109863, 3.617790243988037, 3.5892673580169676, 3.5326057034301757, 3.5515717039489747, 3.494444297027588, 3.4974390551757812, 3.4702883837127687, 3.4585694443511965, 3.424368647003174, 3.4022618362426758, 3.3905181647491456, 3.3755237184906006, 3.3333211891937258, 3.2946964561462404, 3.2822482758331297, 3.2650814292144776, 3.232320997695923, 3.1967750789642335, 3.2005861627197265, 3.1806967784118654, 3.1542978337860106, 3.128385897216797, 3.127610233154297, 3.118392497253418, 3.060709776763916, 3.0609645696640015, 3.010962803878784, 2.986433439178467, 3.0068721911621092, 2.9554652559280394, 2.9575527632904053, 2.8908234799194337, 2.9320359212875364, 2.885204039039612, 2.8876539013290405, 2.8238110176467894, 2.861941068534851, 2.772513034553528, 2.8120467121505737, 2.778628710708618, 2.77392592086792, 2.7694293158340453, 2.7444931118392946, 2.7203604195404054, 2.6825505996322634, 2.6558369524765015, 2.668301498527527, 2.6148910472488405, 2.6728519821929932, 2.6587564016723633, 2.56518357585907, 2.571657331237793, 2.600279966030121, 2.5288493910980225, 2.524505272445679, 2.516100316448212, 2.505281132850647, 2.507929605293274, 2.5122049427223208, 2.5408316925239562, 2.5264690755844117, 2.444840715560913, 2.494218222103119, 2.495201926956177, 2.517297039527893, 2.4887600002670287, 0.5398823393058777, 0.5085971178531646, 0.4910177714443207, 0.4864399725723267, 0.4777189336872101, 0.46543291937828063, 0.4648513866043091, 0.46375002541542054, 0.46124032720565794, 0.4604174394702911], "val_loss": [4.996162109375, 4.542425, 4.268702954101562, 4.015330621337891, 3.8532042724609377, 3.752306262207031, 3.5293542251586913, 3.378142805480957, 3.3297255706787108, 3.251148893737793, 3.1043151550292967, 3.041316635131836, 2.9724516944885253, 2.9686961654663087, 2.893226696014404, 2.8392132652282713, 2.801171014404297, 2.757060772705078, 2.7071301887512207, 2.7144327529907226, 2.6355809074401857, 2.6630086250305176, 2.6062840171813964, 2.54273581237793, 2.539345494842529, 2.5369274528503416, 2.487129667663574, 2.4931777740478513, 2.4353232986450197, 2.433684349822998, 2.4714172409057618, 2.403425575256348, 2.3944101108551026, 2.354587427139282, 2.3476780090332032, 2.350055076599121, 2.3025701179504394, 2.2923918689727785, 2.300166223526001, 2.306795747756958, 2.274814329528809, 2.2732981788635254, 2.2636190212249754, 2.222783275604248, 2.2104969070434572, 2.2208520751953125, 2.1894102642059328, 2.2199153255462645, 2.1536608726501463, 2.1873153411865234, 2.1677232666015627, 2.1550709312438965, 2.1457079174041747, 2.122253243637085, 2.1281078598022463, 2.136510544586182, 2.1366982788085935, 2.1385832721710205, 2.125542553329468, 2.1054510471343995, 2.117853316497803, 2.132079642868042, 2.107397843551636, 2.105352917480469, 2.1328566802978517, 2.108236702346802, 2.1128159744262693, 2.1018965351104737, 2.0929626033782958, 2.0789765411376955, 2.0997714702606203, 2.101329090499878, 2.097168422317505, 2.0849670948028565, 2.0840940830230714, 2.1101324352264403, 2.0926789836883546, 2.0978425952911377, 2.095915925979614, 2.090138712692261, 2.0884647842407227, 2.0977409450531006, 2.093645454788208, 2.093774222564697, 2.0833096408843996, 2.0843231899261476, 2.0885918674468993, 2.0866617179870603, 2.086589656448364, 2.0808151721954347, 2.03963980178833, 2.0377819110870363, 2.040757535934448, 2.041324820327759, 2.0457662647247314, 2.0459258769989015, 2.0456633754730227, 2.046594906616211, 2.0465546638488767, 2.0465038791656496], "val_top1": [0.027, 0.0723, 0.1066, 0.1461, 0.1622, 0.1792, 0.2119, 0.2475, 0.256, 0.2642, 0.2942, 0.3121, 0.3172, 0.3181, 0.335, 0.3462, 0.355, 0.3618, 0.3701, 0.371, 0.3893, 0.3853, 0.3917, 0.4093, 0.4094, 0.4072, 0.4151, 0.4205, 0.4255, 0.4321, 0.4258, 0.4398, 0.4391, 0.4453, 0.453, 0.451, 0.4595, 0.4557, 0.4564, 0.4566, 0.4655, 0.4632, 0.4618, 0.472, 0.474, 0.475, 0.4803, 0.4752, 0.4856, 0.4818, 0.4914, 0.4886, 0.4947, 0.4995, 0.4969, 0.4975, 0.4935, 0.496, 0.5021, 0.5045, 0.5018, 0.5013, 0.5044, 0.5049, 0.5023, 0.5006, 0.5018, 0.5059, 0.5052, 0.508, 0.5103, 0.5116, 0.5149, 0.5163, 0.5119, 0.5079, 0.513, 0.5166, 0.514, 0.5173, 0.5165, 0.5155, 0.517, 0.5173, 0.5192, 0.5175, 0.5191, 0.5203, 0.5193, 0.5209, 0.529, 0.5295, 0.5287, 0.5292, 0.527, 0.5278, 0.528, 0.5295, 0.529, 0.5291], "val_top5": [0.1152, 0.2299, 0.2941, 0.3607, 0.3987, 0.425, 0.4678, 0.5099, 0.5195, 0.5329, 0.5671, 0.5777, 0.5956, 0.597, 0.6117, 0.6231, 0.6277, 0.64, 0.6467, 0.6491, 0.6621, 0.6577, 0.6652, 0.6769, 0.6803, 0.6788, 0.6907, 0.6883, 0.6967, 0.7005, 0.6907, 0.7021, 0.7022, 0.715, 0.7137, 0.7104, 0.7208, 0.7211, 0.7217, 0.719, 0.7235, 0.7257, 0.7265, 0.7319, 0.7384, 0.7314, 0.7375, 0.7333, 0.7465, 0.7398, 0.7413, 0.7411, 0.7436, 0.749, 0.7464, 0.7489, 0.7461, 0.7437, 0.7479, 0.753, 0.7504, 0.7496, 0.7507, 0.7509, 0.7494, 0.7505, 0.7511, 0.7507, 0.7545, 0.7574, 0.7522, 0.7557, 0.7532, 0.7547, 0.7575, 0.7542, 0.7565, 0.7551, 0.7549, 0.7557, 0.7559, 0.7557, 0.7569, 0.7552, 0.7564, 0.7586, 0.7574, 0.7577, 0.7567, 0.755, 0.7657, 0.7681, 0.769, 0.7677, 0.7685, 0.7682, 0.7686, 0.7682, 0.7679, 0.7681], "lr": [6.239999999999999e-05, 0.00012179999999999997, 0.00018119999999999993, 0.0002405999999999999, 0.0003, 0.0002999179886011389, 0.0002996720440828162, 0.0002992624353817517, 0.0002986896103990463, 0.0002979541955104084, 0.00029705699488122143, 0.00029599898958720093, 0.00029478133654160235, 0.0002934053672301537, 0.00029187258625509524, 0.0002901846696899192, 0.0002883434632466078, 0.00028635098025737445, 0.0002842093994731146, 0.0002819210626809734, 0.00027948847214363614, 0.00027691428786314035, 0.00027420132467220304, 0.0002713525491562421, 0.00026837107640945905, 0.00026526016662852886, 0.0002620232215476231, 0.00025866378071866334, 0.00025518551764087326, 0.00025159223574386114, 0.00024788786422862526, 0.00024407645377103052, 0.00024016217209245374, 0.0002361492994024415, 0.00023204222371836405, 0.00022784543606718227, 0.00022356352557457618, 0.00021920117444680317, 0.00021476315285077393, 0.00021025431369794544, 0.0002056795873377331, 0.00020104397616624642, 0.0001963525491562421, 0.00019161043631427672, 0.00018682282307111987, 0.00018199494461156206, 0.00017713208014981646, 0.00017223954715677627, 0.00016732269554543792, 0.00016238690182084984, 0.00015743756320098334, 0.00015248009171495372, 0.0001475199082850462, 0.00014256243679901666, 0.00013761309817915017, 0.0001326773044545621, 0.00012776045284322368, 0.00012286791985018352, 0.00011800505538843798, 0.00011317717692888013, 0.00010838956368572334, 0.00010364745084375793, 9.895602383375354e-05, 9.43204126622669e-05, 8.974568630205462e-05, 8.523684714922609e-05, 8.079882555319686e-05, 7.643647442542379e-05, 7.215456393281773e-05, 6.795777628163602e-05, 6.385070059755848e-05, 5.983782790754625e-05, 5.592354622896946e-05, 5.211213577137471e-05, 4.840776425613888e-05, 4.481448235912672e-05, 4.1336219281336665e-05, 3.797677845237697e-05, 3.4739833371471137e-05, 3.1628923590540984e-05, 2.8647450843757904e-05, 2.5798675327797e-05, 2.308571213685971e-05, 2.051152785636392e-05, 1.8078937319026657e-05, 1.579060052688548e-05, 1.3649019742625657e-05, 1.1656536753392287e-05, 9.815330310080855e-06, 8.127413744904804e-06, 6.594632769846354e-06, 5.218663458397716e-06, 4.001010412799139e-06, 2.9430051187785967e-06, 2.0458044895916517e-06, 1.3103896009537207e-06, 7.375646182482875e-07, 3.2795591718381975e-07, 8.201139886109264e-08, 0.0]}